{
	"PlayerOrigionSource" :{
		"gold" : 30000,
		"oil" : 5000,
		"electricity" : 5000,
		"steel" : 5000,
		"laborLimit" : 10000,
		"ocupiedLabor": 0
	},
	"mapSize": {
		"large": {
			"width": 64,
			"height":64,
			"aiCount": 1
		},
		"medium": {
			"width": 32,
			"height": 32,
			"aiCount": 1
		},
		"small": {
			"width": 16,
			"height": 16,
			"aiCount": 1
		}
	},
	"Weapon": {
		"0": {
			"name": "CM",
			"damage": 25,
            "damageRange": 0,
            "attackSpeed": 0.0625,
            "AttackRange": [0.0, 0.25],
            "cost": [10000, 200, 300, 1000, 50],
			"AICost" : 15000
		},	
        "1": {
            "name": "MRBM",
            "damage": 74,
            "damageRange": 1.2,
            "attackSpeed": 0.03125,
            "AttackRange": [0.0, 0.5],
            "cost": [35000, 500, 700, 1500, 75],
			"AICost": 50000
        },
        "2": {
            "name": "ICBM",
            "damage": 45,
            "damageRange": 1.5,
            "attackSpeed": 0.025,
            "AttackRange": [0.2, 0.8],
            "cost": [50000, 1000, 1500, 2000, 100],
			"AICost": 75000
        }
	},
	"Army" : {
		"cost" : 50,
		"speed" : [0.15625, 0.234375, 0.3125]
	},
    "Region": {
        "hp": [200, 300],
        "Army": [30, 50],
        "OriginSize": [1.5, 2.5],
        "CapitalHp": 1000,
        "CapitalArmy": 200
    },
    "Building": {
        "PowerStation": {
            "BuildCost": [3000, 500, 1000, 200, 30],
            "Product": [0, 0, 0, 5, 0],
            "UpLevelFactor": [1.3, 1.5],
            "UpLevelCost1": [30000, 2000, 5000, 1000, 20],
            "UpLevelCost2": [50000, 5000, 10000, 2000, 40]
        },
        "Refinery": {
            "BuildCost": [5000, 1000, 2000, 300, 50],
            "Product": [0, 15, 0, 0, 0],
            "UpLevelFactor": [1.3, 1.5],
            "UpLevelCost1": [50000, 5000, 10000, 2000, 40],
            "UpLevelCost2": [80000, 10000, 20000, 4000, 60]
        },
        "SteelFactory": {
            "BuildCost": [5000, 1000, 2000, 300, 50],
            "Product": [0, 0, 20, 0, 0],
            "UpLevelFactor": [1.3, 1.5],
            "UpLevelCost1": [50000, 5000, 10000, 2000, 40],
            "UpLevelCost2": [80000, 10000, 20000, 4000, 60]
        },
        "CivilFactory": {
            "BuildCost": [5000, 1000, 2000, 300, 50],
            "Product": [500, 0, 0, 0, 0],
            "UpLevelFactor": [1.3, 1.5],
            "UpLevelCost1": [50000, 5000, 10000, 2000, 40],
            "UpLevelCost2": [80000, 10000, 20000, 4000, 60]
        },
        "MilitaryFactory": {
            "BuildCost": [5000, 1000, 2000, 300, 50],
            "CD": [15, 10, 7],
            "UpLevelCost1": [50000, 5000, 10000, 2000, 40],
            "UpLevelCost2": [80000, 10000, 20000, 4000, 60]
        }
    },
    "ResearchInstitution":{
        "BuildCost": 200000,
        "OUpLevelCost": {
            "PowerStation": [100000, 300000],
            "Refinery": [100000, 300000],
            "SteelFactory": [100000, 300000],
            "CivilFactory": [300000, 500000],
            "MilitaryFactory": [300000, 500000],
            "0": [200000, 400000, 600000],
            "1": [250000, 500000, 750000],
            "2": [300000, 600000, 900000],
			"Army": [100000, 300000]
        }
    },
	"AIParameter": {
		"Easy": {
			"A": 300.0,
			"k": 0.01,
			"t0": 50
		},
		"Normal": {
			"A": 350.0,
			"k": 0.015,
			"t0": 300
		},
		"Hard": {
			"A": 400.0,
			"k": 0.02,
			"t0": 350
		}
	}
}
